"tweet_id","in_reply_to_status_id","in_reply_to_user_id","timestamp","source","text","retweeted_status_id","retweeted_status_user_id","retweeted_status_timestamp","expanded_urls"
"903356020264759296","","","2017-08-31 20:37:13 +0000","<a href=""http://twitter.com/download/iphone"" rel=""nofollow"">Twitter for iPhone</a>","In what area do the two buggies collide? See previous tweet for the video. #D118Life @BulldogLife_WHS #gobulldoglife","","","",""
"903355780627300352","","","2017-08-31 20:36:16 +0000","<a href=""http://twitter.com/download/iphone"" rel=""nofollow"">Twitter for iPhone</a>","Your eyes needed! 
Controversy: Due to video interference, the exact position of this collision is under review.
Weigh in! (See next tweet) https://t.co/PfnpcCtbwm","","","","https://twitter.com/MrWSci/status/903355780627300352/video/1"
"903343576729485312","","","2017-08-31 19:47:46 +0000","<a href=""https://about.twitter.com/products/tweetdeck"" rel=""nofollow"">TweetDeck</a>","RT @WaucondaTennis: Vote for Sarah Hackman for Athlete of the Month https://t.co/JcQPgsZivJ","903316983374106624","2566563218","2017-08-31 18:02:06 +0000","http://aotm.8to18.com/Zone3,http://aotm.8to18.com/Zone3"
"903314096908623874","903311278147502080","3243586368","2017-08-31 17:50:38 +0000","<a href=""http://twitter.com/download/iphone"" rel=""nofollow"">Twitter for iPhone</a>","@CoachLandvick @ClassOf2019_WHS @BulldogLife_WHS Dang it! I missed out on the photo. Don't worry, I fixed it. https://t.co/nJ5Rtqw4u7","","","","https://twitter.com/MrWSci/status/903314096908623874/photo/1"
"903312785093922816","","","2017-08-31 17:45:25 +0000","<a href=""http://twitter.com/download/iphone"" rel=""nofollow"">Twitter for iPhone</a>","Physics today- Do buggies move with constant speed? 
Prove it with data! 
Tomorrow we'll graph and analyze. üìàü§ìüöó
#BulldogPhysics #D118Life https://t.co/DGlPdStOKN","","","","https://twitter.com/MrWSci/status/903312785093922816/photo/1,https://twitter.com/MrWSci/status/903312785093922816/photo/1,https://twitter.com/MrWSci/status/903312785093922816/photo/1"
"903285032764280833","","","2017-08-31 15:55:08 +0000","<a href=""http://twitter.com/download/iphone"" rel=""nofollow"">Twitter for iPhone</a>","AP Lab Practicum testing today! 
Where will two buggies collide? It's safe to say it was a smashing success. #D118Life #BulldogPhysics https://t.co/2LxWb589JE","","","","https://twitter.com/MrWSci/status/903285032764280833/video/1"
"903091329923784704","","","2017-08-31 03:05:26 +0000","<a href=""http://twitter.com"" rel=""nofollow"">Twitter Web Client</a>","RT @rutherfordcasey: Gonna make a new poster for my rooms. https://t.co/pp5tfSICrD","903049563921113089","261339400","2017-08-31 00:19:28 +0000","https://twitter.com/rutherfordcasey/status/903049563921113089/photo/1,https://twitter.com/rutherfordcasey/status/903049563921113089/photo/1"
"902980780552593408","","","2017-08-30 19:46:09 +0000","<a href=""http://twitter.com"" rel=""nofollow"">Twitter Web Client</a>","RT @GoWHSVolleyball: Home Game Tonight üíúüèêüíõ vs. Warren come out and the üèê teams in action! @BulldogLife_WHS @GoWHSAthletics https://t.co/AVv‚Ä¶","902925368180559874","3331828672","2017-08-30 16:05:57 +0000","https://twitter.com/GoWHSVolleyball/status/902925368180559874/photo/1,https://twitter.com/GoWHSVolleyball/status/902925368180559874/photo/1,https://twitter.com/GoWHSVolleyball/status/902925368180559874/photo/1"
"902973679612682240","","","2017-08-30 19:17:56 +0000","<a href=""http://twitter.com/download/iphone"" rel=""nofollow"">Twitter for iPhone</a>","Lab practicums be busy. #BulldogPhysics #D118Life https://t.co/UXsb6zdkLh","","","","https://twitter.com/MrWSci/status/902973679612682240/video/1"
"902916611560103941","","","2017-08-30 15:31:10 +0000","<a href=""http://twitter.com/download/iphone"" rel=""nofollow"">Twitter for iPhone</a>","What's happening? The first lab practicum in AP Physics 1! 
Where will tumble buggies collide? #modphys #D118Life @BulldogLife_WHS https://t.co/zxxnGo5Qqt","","","","https://twitter.com/MrWSci/status/902916611560103941/video/1"
"902719409789300736","","","2017-08-30 02:27:33 +0000","<a href=""https://about.twitter.com/products/tweetdeck"" rel=""nofollow"">TweetDeck</a>","""for every""
Solid advice to understand what those units really mean. Shout out (again) to @AMTAteachers &amp; #modphys for intro-ing this to me. https://t.co/jsKLEi3kCf","","","","https://twitter.com/fpoodry/status/902709156854939648"
"902718686477381637","","","2017-08-30 02:24:41 +0000","<a href=""https://about.twitter.com/products/tweetdeck"" rel=""nofollow"">TweetDeck</a>","I second this! In my short time at WHS she's definitely spent more than enough time troubleshooting my problems with a smile. https://t.co/U96Vwrihyb","","","","https://twitter.com/WHSFlanigan/status/902684103857901568"
"902717377393156096","902717013990285312","894951968967458817","2017-08-30 02:19:29 +0000","<a href=""https://about.twitter.com/products/tweetdeck"" rel=""nofollow"">TweetDeck</a>","@grayer_mist And. Crap. I'm replying from my school acct, my more active alter-ego is @WillyB.
 ¬Ø\_(„ÉÑ)_/¬Ø","","","",""
"902717013990285312","902716838152417281","894951968967458817","2017-08-30 02:18:02 +0000","<a href=""https://about.twitter.com/products/tweetdeck"" rel=""nofollow"">TweetDeck</a>","@grayer_mist Biggest difference is I don't create shared folders w/ each student anymore bc Google Classroom can handle that.","","","",""
"902716838152417281","902716026885992448","894951968967458817","2017-08-30 02:17:20 +0000","<a href=""https://about.twitter.com/products/tweetdeck"" rel=""nofollow"">TweetDeck</a>","@grayer_mist More thorough treatment is here:
https://t.co/9UBQN0w1GT

That description is a few years old, but mostly stayed the same.","","","","http://blog.benwildeboer.com/2014/gdrive-lab-report-workflow/"
"902716026885992448","902715691916288001","894951968967458817","2017-08-30 02:14:07 +0000","<a href=""https://about.twitter.com/products/tweetdeck"" rel=""nofollow"">TweetDeck</a>","@grayer_mist If you add a period to a cell it changes color and then a formula auto adds the points earned. I'll drop a link to the rubric into Ss GDoc","","","",""
"902715691916288001","902681541268054016","262654252","2017-08-30 02:12:47 +0000","<a href=""https://about.twitter.com/products/tweetdeck"" rel=""nofollow"">TweetDeck</a>","@grayer_mist Here's what I use for a lab rubric- I have GClassroom (or Doctopus back in the day) make copies for each student: https://t.co/UXF4ZP8KU5","","","","https://docs.google.com/spreadsheets/d/1rQgM_2IsU2DcNaipqGKQuIL8G_m82R2q9-tnBIMinZM/edit#gid=63425625"
"902711799841161216","","","2017-08-30 01:57:19 +0000","<a href=""https://about.twitter.com/products/tweetdeck"" rel=""nofollow"">TweetDeck</a>","RT @dgende: You teach physics? register for tomorrow's @AAPTHQ webinar The Nuanced Universe https://t.co/AauX7CTorc featuring @bohacekp and‚Ä¶","902282015197630464","52585537","2017-08-28 21:29:30 +0000","https://goo.gl/xHeZQs,https://goo.gl/xHeZQs"
"902625030449885184","902570483744428032","771417880709636096","2017-08-29 20:12:31 +0000","<a href=""https://about.twitter.com/products/tweetdeck"" rel=""nofollow"">TweetDeck</a>","@WHS_CoachJacobs  https://t.co/mRemHqACxX","","","","https://twitter.com/MrWSci/status/902625030449885184/photo/1"
"902519668900069376","902514721915641856","899076483301486592","2017-08-29 13:13:51 +0000","<a href=""https://about.twitter.com/products/tweetdeck"" rel=""nofollow"">TweetDeck</a>","@LuetschA If you also feel like teaching students how to carry desserts on trays...I'm next door...","","","",""
"902518756378902529","","","2017-08-29 13:10:14 +0000","<a href=""https://about.twitter.com/products/tweetdeck"" rel=""nofollow"">TweetDeck</a>","RT @KimFreudenberg: Buggy Lab gallery walk and planting seeds for proportional reasoning! https://t.co/voCL6Mdrvh
#iteachphysics #modphys #‚Ä¶","902414682182434816","3325211432","2017-08-29 06:16:40 +0000","https://modelingin203.wordpress.com/2017/08/29/day-5-gallery-walk/,https://modelingin203.wordpress.com/2017/08/29/day-5-gallery-walk/"
"902509991910928384","","","2017-08-29 12:35:24 +0000","<a href=""https://about.twitter.com/products/tweetdeck"" rel=""nofollow"">TweetDeck</a>","RT @Mrs_Yost8: @BulldogLife_WHS @WHS_CoachJacobs @APPAPAH Come support R soccer players @ the Alonso Sanchez Memorial Tournament today at h‚Ä¶","902506364576178176","3875763263","2017-08-29 12:20:59 +0000","https://twitter.com/Mrs_Yost8/status/902506364576178176/photo/1"
"902256484985303040","","","2017-08-28 19:48:03 +0000","<a href=""https://about.twitter.com/products/tweetdeck"" rel=""nofollow"">TweetDeck</a>","Did you know Google can generate random numbers for you? I didn't until about 7 seconds ago:
https://t.co/gKCCWgbdOT","","","","https://www.google.com/search?q=random+number+generator&rlz=1CAACAR_enUS757US757&oq=random+&aqs=chrome.0.69i59j69i61j69i57j69i61j0l2.2653j0j7&sourceid=chrome&ie=UTF-8"
"902244828645380096","","","2017-08-28 19:01:44 +0000","<a href=""https://about.twitter.com/products/tweetdeck"" rel=""nofollow"">TweetDeck</a>","Hey, AP Physics 1! Your buggy lab reports are all scored! Revisions are due Wed at the end of the day. Email me when you're done revising.","","","",""
"902203700155908096","","","2017-08-28 16:18:18 +0000","<a href=""http://twitter.com/download/iphone"" rel=""nofollow"">Twitter for iPhone</a>","First quiz in AP Physics 1 today! #Artsy #ActuallyJustOutOfFocus https://t.co/MwFEIZq9o4","","","","https://twitter.com/MrWSci/status/902203700155908096/photo/1"
"901626816808542210","","","2017-08-27 02:05:59 +0000","<a href=""https://about.twitter.com/products/tweetdeck"" rel=""nofollow"">TweetDeck</a>","RT @Wauc_Boosters: @Wauconda60084 @BulldogLife_WHS @WaucondaHS118 @GoWHSAthletics not too shabby? https://t.co/WdujcRihDj","901598560520728576","3207241474","2017-08-27 00:13:42 +0000","https://twitter.com/Wauc_Boosters/status/901598560520728576/photo/1,https://twitter.com/Wauc_Boosters/status/901598560520728576/photo/1,https://twitter.com/Wauc_Boosters/status/901598560520728576/photo/1,https://twitter.com/Wauc_Boosters/status/901598560520728576/photo/1"
"901253016753508355","","","2017-08-26 01:20:38 +0000","<a href=""http://twitter.com/download/iphone"" rel=""nofollow"">Twitter for iPhone</a>","RT @Mrs_Yost8: Wauconda-Look at that üí¶ tower! Wouldn't it B nice 4 Wauconda 2 have 1 w/Buster or ""Home of the Bulldogs""? @Wauconda60084 @Bu‚Ä¶","901245659407421440","3875763263","2017-08-26 00:51:24 +0000","https://twitter.com/wauconda_pride/status/901238157819215873"
"901238898210336768","","","2017-08-26 00:24:32 +0000","<a href=""http://twitter.com/download/iphone"" rel=""nofollow"">Twitter for iPhone</a>","RT @wauconda_pride: first friday night lights #fnl üèà @BulldogLife_WHS https://t.co/L57BCWVwtg","901238157819215873","894997222282199040","2017-08-26 00:21:35 +0000","https://twitter.com/wauconda_pride/status/901238157819215873/photo/1,https://twitter.com/wauconda_pride/status/901238157819215873/photo/1,https://twitter.com/wauconda_pride/status/901238157819215873/photo/1,https://twitter.com/wauconda_pride/status/901238157819215873/photo/1"
"901208213336535041","","","2017-08-25 22:22:36 +0000","<a href=""http://twitter.com/download/iphone"" rel=""nofollow"">Twitter for iPhone</a>","RT @GOWHS_FOOTBALL: Varsity Football https://t.co/rYoo9V7mr9

Tonight's Game will be Aired by Richmond-Burton High School","901188184805126145","2584780470","2017-08-25 21:03:01 +0000","https://shar.es/1Sh6OW,https://shar.es/1Sh6OW"
"901208159066484736","901188184805126145","2584780470","2017-08-25 22:22:23 +0000","<a href=""http://twitter.com/download/iphone"" rel=""nofollow"">Twitter for iPhone</a>","@GOWHS_FOOTBALL This is good news! I won't be able to get to the game tonight bc of this little scooter, but now I can peek in! https://t.co/WHHK09IuKY","","","","https://twitter.com/MrWSci/status/901208159066484736/video/1"
"901174030287466496","","","2017-08-25 20:06:46 +0000","<a href=""http://twitter.com/download/iphone"" rel=""nofollow"">Twitter for iPhone</a>","Day 8: (White)Board meetings! Groups are explaining rankings for avg velocity on x-t graphs.
#teach180 #modphys #D118Life #BulldogPhysics https://t.co/2Pzxys0W9A","","","","https://twitter.com/MrWSci/status/901174030287466496/photo/1"
"900807688329801728","900778526475005953","741251584311451648","2017-08-24 19:51:03 +0000","<a href=""https://about.twitter.com/products/tweetdeck"" rel=""nofollow"">TweetDeck</a>","@BelcherPhys I like the idea of interweaving rotational &amp; linear. Hmm...","","","",""
"900501183571398656","","","2017-08-23 23:33:07 +0000","<a href=""https://about.twitter.com/products/tweetdeck"" rel=""nofollow"">TweetDeck</a>","RT @MrsChaseEnglish: Such powerful discussions with my sophomores while they worked on writing their own ""This I Believe"" stories, I came h‚Ä¶","900465074829238272","765940631285952513","2017-08-23 21:09:38 +0000",""
"900365392035553280","","","2017-08-23 14:33:32 +0000","<a href=""https://about.twitter.com/products/tweetdeck"" rel=""nofollow"">TweetDeck</a>","RT @Mrs_Yost8: @Wauconda60084 @BulldogLife_WHS ""Roses are red, Violets are blue...Please put Buster on the new water tower!!!"" https://t.co‚Ä¶","900330573906022400","3875763263","2017-08-23 12:15:10 +0000","https://twitter.com/Mrs_Yost8/status/900330573906022400/photo/1"
"900170451359588352","","","2017-08-23 01:38:54 +0000","<a href=""https://about.twitter.com/products/tweetdeck"" rel=""nofollow"">TweetDeck</a>","RT @Wauc_Boosters: @Wauconda60084 @BulldogLife_WHS @GoWHSAthletics @WaucondaHS118 
Like and retweet if you agree! https://t.co/q0gDnUGW49","899626037960728576","3207241474","2017-08-21 13:35:36 +0000","https://twitter.com/Wauc_Boosters/status/899626037960728576/photo/1,https://twitter.com/Wauc_Boosters/status/899626037960728576/photo/1"
"900140499771805700","","","2017-08-22 23:39:53 +0000","<a href=""https://about.twitter.com/products/tweetdeck"" rel=""nofollow"">TweetDeck</a>","RT @Mrs_Yost8: Freshmen Bulldog Soccer team takes the lead with 5 minutes left!!! Go Dogs!!!!üíú‚öΩÔ∏èüíõ","900127515276189697","3875763263","2017-08-22 22:48:17 +0000",""
"900105388871344129","","","2017-08-22 21:20:22 +0000","<a href=""https://about.twitter.com/products/tweetdeck"" rel=""nofollow"">TweetDeck</a>","That's fancy! https://t.co/0dwOGmXInE","","","","https://twitter.com/missrealtweets/status/900102373900787712"
"900056345919062017","","","2017-08-22 18:05:29 +0000","<a href=""http://twitter.com/download/iphone"" rel=""nofollow"">Twitter for iPhone</a>","RT @Baldino_Science: Time to DO SCIENCE! P1 is killing it today! https://t.co/WXHJA0475q","899978716679417856","896033721400406016","2017-08-22 12:57:01 +0000","https://twitter.com/Baldino_Science/status/899978716679417856/photo/1,https://twitter.com/Baldino_Science/status/899978716679417856/photo/1,https://twitter.com/Baldino_Science/status/899978716679417856/photo/1,https://twitter.com/Baldino_Science/status/899978716679417856/photo/1"
"900056213135732737","","","2017-08-22 18:04:58 +0000","<a href=""http://twitter.com/download/iphone"" rel=""nofollow"">Twitter for iPhone</a>","After a few tribulations with not-so-great photo centers, I finally have pics of my daughter up. https://t.co/8Rkffg1YMX","","","","https://twitter.com/MrWSci/status/900056213135732737/photo/1"
"900050775648481280","900050098318712832","894951968967458817","2017-08-22 17:43:21 +0000","<a href=""https://about.twitter.com/products/tweetdeck"" rel=""nofollow"">TweetDeck</a>","If you /really/ want a deep dive (ü§ì), check out https://t.co/N0MYHsrmrt [PDF alert].
Pages 13-16 discuss the uses of the inventory. #EduNerd","","","","http://modeling.asu.edu/R&E/FCI.PDF"
"900050098318712832","","","2017-08-22 17:40:40 +0000","<a href=""https://about.twitter.com/products/tweetdeck"" rel=""nofollow"">TweetDeck</a>","Today we're taking the Mechanics Inventory in Physics &amp; AP 1. Why? 
1) To help me identify misconceptions
2) To help assess my effectiveness","","","",""
"899760170401705988","","","2017-08-21 22:28:36 +0000","<a href=""http://instagram.com"" rel=""nofollow"">Instagram</a>","And for a brief moment, the clouds thinned and the eclipsed Sun shone through. #D118Life @‚Ä¶ https://t.co/NGr0RSsF2g","","","","https://www.instagram.com/p/BYEpaVoB-Bi/"
"899718398040518662","","","2017-08-21 19:42:36 +0000","<a href=""https://about.twitter.com/products/tweetdeck"" rel=""nofollow"">TweetDeck</a>","Some excellent peer discussion hashing out what exactly negative slope means on a position-time graph. #BulldogPhysics","","","",""
"899696030819766273","","","2017-08-21 18:13:43 +0000","<a href=""http://twitter.com/download/iphone"" rel=""nofollow"">Twitter for iPhone</a>","Mostly clouds, but getting glimpses!!! https://t.co/miRpkMowJe","","","","https://twitter.com/MrWSci/status/899696030819766273/photo/1"
"899685376297771009","","","2017-08-21 17:31:23 +0000","<a href=""https://about.twitter.com/products/tweetdeck"" rel=""nofollow"">TweetDeck</a>","RT @Space_Station: It's the moon, sunspots AND the station in front of the sun. @NASA photographer captures station transiting sun during #‚Ä¶","899679364920389632","1451773004","2017-08-21 17:07:30 +0000","https://twitter.com/Space_Station/status/899679364920389632/photo/1"
"899657886661586944","","","2017-08-21 15:42:09 +0000","<a href=""http://twitter.com/download/iphone"" rel=""nofollow"">Twitter for iPhone</a>","Today in Physics:
Whiteboards on Whiteboards #D118Life https://t.co/oS8kZCpxoT","","","","https://twitter.com/MrWSci/status/899657886661586944/photo/1"
"898989264721018880","","","2017-08-19 19:25:17 +0000","<a href=""http://twitter.com"" rel=""nofollow"">Twitter Web Client</a>","I moved to Illinois so I could run *without* hills, and all of you here are purposely finding crazy hills just to run up... https://t.co/Kyi5Cd73Ma","","","","https://twitter.com/WaucondaXC_BTF/status/898900940094353408"
"898985077492809728","898670488246988800","896033721400406016","2017-08-19 19:08:39 +0000","<a href=""https://about.twitter.com/products/tweetdeck"" rel=""nofollow"">TweetDeck</a>","@Baldino_Science This should be easy - last non-Wauconda #BulldogPhysics tweet was April of 2016. 

Looks abandoned, so I say we have clear squatter's rights","","","",""
"898507249210892288","","","2017-08-18 11:29:56 +0000","<a href=""http://twitter.com/download/iphone"" rel=""nofollow"">Twitter for iPhone</a>","Moving to IL has been great, but bummed to be missing @EdCampCT today (which I've helped w/ since its inception). https://t.co/ET3F5aByfG https://t.co/n80cugmXGz","","","","http://www.edcampct.org,https://twitter.com/MrWSci/status/898507249210892288/photo/1"
"898332054357549056","898316787506393089","2977441752","2017-08-17 23:53:46 +0000","<a href=""http://twitter.com/download/iphone"" rel=""nofollow"">Twitter for iPhone</a>","@BulldogLife_WHS @Mrs_Fike @CoachLandvick @LisaDeWelde  https://t.co/rrKLkX7jO7","","","","https://twitter.com/MrWSci/status/898332054357549056/photo/1"
"898271438876024833","","","2017-08-17 19:52:54 +0000","<a href=""http://twitter.com/download/iphone"" rel=""nofollow"">Twitter for iPhone</a>","Data collection is hard.
Fast tumble buggies are extra tricky. I wonder if there's greater experimental error w/ faster buggies ü§îü§îü§î#D118Life https://t.co/mPkawTpLUO","","","","https://twitter.com/MrWSci/status/898271438876024833/video/1"
"898225880723542016","","","2017-08-17 16:51:52 +0000","<a href=""https://about.twitter.com/products/tweetdeck"" rel=""nofollow"">TweetDeck</a>","RT @kellyoshea: @physicistdanny @scottahill Just finished reading this. Highly recommend. https://t.co/i0qddDOriJ #iteachphysics","898188002178068480","17115614","2017-08-17 14:21:21 +0000","https://www.amazon.com/Designing-Groupwork-Strategies-Heterogeneous-Classroom/dp/0807755664/ref=pd_lpo_sbs_14_t_0?_encoding=UTF8&psc=1&refRID=PPGSNWBH4PHCW10AKASF,https://www.amazon.com/Designing-Groupwork-Strategies-Heterogeneous-Classroom/dp/0807755664/ref=pd_lpo_sbs_14_t_0?_encoding=UTF8&psc=1&refRID=PPGSNWBH4PHCW10AKASF"
"898224642904793088","","","2017-08-17 16:46:57 +0000","<a href=""http://twitter.com/download/iphone"" rel=""nofollow"">Twitter for iPhone</a>","Breaking some spaghetti bridges, followed up by graphical analysis of the data. üìà #D118Life https://t.co/GKT16Lx2fo","","","","https://twitter.com/MrWSci/status/898224642904793088/video/1"
"897905188085702656","","","2017-08-16 19:37:33 +0000","<a href=""https://about.twitter.com/products/tweetdeck"" rel=""nofollow"">TweetDeck</a>","And that's a wrap on day 1 of the 2017-2018 school year. The year is already flying by.","","","",""
"897898803185016836","","","2017-08-16 19:12:11 +0000","<a href=""http://twitter.com/download/iphone"" rel=""nofollow"">Twitter for iPhone</a>","ü§îü§îü§î @Baldino_Science https://t.co/7OzNIeEGR1","","","","https://twitter.com/mrwsci/status/897884837599694859"
"897884893421633536","897881339394969609","393734792","2017-08-16 18:16:55 +0000","<a href=""https://about.twitter.com/products/tweetdeck"" rel=""nofollow"">TweetDeck</a>","@maalmeida85 Thanks! I was looking for a nice background and knew that was the one the instant I saw it. :-)","","","",""
"897884837599694859","","","2017-08-16 18:16:41 +0000","<a href=""http://twitter.com/download/iphone"" rel=""nofollow"">Twitter for iPhone</a>","Me: Hey, Mr. Baldino, how's your first day going?
@Baldino_Science: ""It's LIT!"" üî•üî•üî• #D118Life @BulldogLife_WHS https://t.co/XlCASWQK2D","","","","https://twitter.com/MrWSci/status/897884837599694859/video/1"
"897853960270340100","","","2017-08-16 16:14:00 +0000","<a href=""http://twitter.com/download/iphone"" rel=""nofollow"">Twitter for iPhone</a>","Day 1 in AP Physics 1: The tumble buggies are out &amp; data are being collected. #D118Life @BulldogLife_WHS https://t.co/cOuRXDuohp","","","","https://twitter.com/MrWSci/status/897853960270340100/photo/1,https://twitter.com/MrWSci/status/897853960270340100/photo/1"
"897805424828743680","","","2017-08-16 13:01:08 +0000","<a href=""http://twitter.com/download/iphone"" rel=""nofollow"">Twitter for iPhone</a>","Spaghetti bridges in Physics! #D118Life https://t.co/nOMEFbf9JI","","","","https://twitter.com/MrWSci/status/897805424828743680/photo/1"
"897790327477727233","","","2017-08-16 12:01:08 +0000","<a href=""http://twitter.com/download/iphone"" rel=""nofollow"">Twitter for iPhone</a>","Year 15. Let's Go.#D118Life https://t.co/3rZeEfLjxP","","","","https://twitter.com/MrWSci/status/897790327477727233/photo/1"
"897647393226805248","897635549703438338","897457184216416257","2017-08-16 02:33:10 +0000","<a href=""https://about.twitter.com/products/tweetdeck"" rel=""nofollow"">TweetDeck</a>","@SenoritaKruck üôå First day of the first year- kicking off a great career! 
Get excited! https://t.co/byiNN2cJ52","","","","https://twitter.com/MrWSci/status/897647393226805248/photo/1"
"897548322948468736","","","2017-08-15 19:59:30 +0000","<a href=""https://about.twitter.com/products/tweetdeck"" rel=""nofollow"">TweetDeck</a>","Hoping Buster's middle name is Rhymes.. üòÇüòÇüòÇ
#BusterRhymes @BulldogLife_WHS https://t.co/ApdPYoXVjK","","","","https://twitter.com/WHSFlanigan/status/897261106011533313"
"897504147095789569","","","2017-08-15 17:03:58 +0000","<a href=""https://about.twitter.com/products/tweetdeck"" rel=""nofollow"">TweetDeck</a>","Any math/sci/tech people have a favorite printable graph paper?","","","",""
"897454637845970944","","","2017-08-15 13:47:14 +0000","<a href=""http://tapbots.com/tweetbot"" rel=""nofollow"">Tweetbot for iŒüS</a>","95% ready. 100% excited. #D118Life https://t.co/zfEWxQ3QwT","","","","https://twitter.com/MrWSci/status/897454637845970944/photo/1"
"897423571806507012","","","2017-08-15 11:43:47 +0000","<a href=""https://about.twitter.com/products/tweetdeck"" rel=""nofollow"">TweetDeck</a>","RT @Mrs_Yost8: @BulldogLife_WHS Happy Pythagorean Triple Day, Wauconda!!(8-15-17). Next 1 isn't until 12-16-20. Hope U have a mathmagical d‚Ä¶","897422792626495488","3875763263","2017-08-15 11:40:41 +0000",""
"897416580035989506","","12504752","2017-08-15 11:16:00 +0000","<a href=""http://tapbots.com/tweetbot"" rel=""nofollow"">Tweetbot for iŒüS</a>","@WillyBsHoney Hiiii! https://t.co/YvKisNsvMC","","","","https://twitter.com/MrWSci/status/897416580035989506/photo/1"
"897317197114200065","","","2017-08-15 04:41:05 +0000","<a href=""https://about.twitter.com/products/tweetdeck"" rel=""nofollow"">TweetDeck</a>","I made signs w/ student discourse ? Stems based on @AMTAteachers #modphys readings &amp; Accountable Talk #iteachphysics
https://t.co/03nRZ3g8NS","","","","https://docs.google.com/presentation/d/1Wml9a25NV1Qv-73RnK_zLKE1zG3RQaJgsBX2UMf7XYc/edit?usp=sharing"
"897297305413582848","","","2017-08-15 03:22:03 +0000","<a href=""https://about.twitter.com/products/tweetdeck"" rel=""nofollow"">TweetDeck</a>","RT @langston_poems: I am so tired of waiting,
Aren't you,
For the world to become good
And beautiful and kind?","897086357847367680","2224947382","2017-08-14 13:23:49 +0000",""
"897192496723369984","897178154888040448","1314930590","2017-08-14 20:25:34 +0000","<a href=""https://about.twitter.com/products/tweetdeck"" rel=""nofollow"">TweetDeck</a>","@SciEdHenry As far as textbooks go, I'm a fan of Etkina's text. It's also maybe the most aesthetically pleasing so...","","","",""
"897100844923047936","","","2017-08-14 14:21:23 +0000","<a href=""http://tapbots.com/tweetbot"" rel=""nofollow"">Tweetbot for iŒüS</a>","And heeerrrrreeee we go! https://t.co/0w1zEX9aTF","","","","https://twitter.com/MrWSci/status/897100844923047936/photo/1"
"896932722740015106","","","2017-08-14 03:13:19 +0000","<a href=""https://about.twitter.com/products/tweetdeck"" rel=""nofollow"">TweetDeck</a>","üôå üôå üôå https://t.co/zMsBUZRMmt","","","","https://twitter.com/Mrs_Yost8/status/896887080722104321"
"896849913753067524","","","2017-08-13 21:44:16 +0000","<a href=""https://about.twitter.com/products/tweetdeck"" rel=""nofollow"">TweetDeck</a>","Whenever I tell my friends I'm teaching in Wauconda:
#SoClose #NerdAlert #ImNewHere https://t.co/8jNfwVj827","","","","https://twitter.com/MrWSci/status/896849913753067524/photo/1"
"896845733000826880","","","2017-08-13 21:27:39 +0000","<a href=""http://twitter.com"" rel=""nofollow"">Twitter Web Client</a>","RT @Baldino_Science: Time to double check my free fall math! #d118life #BulldogPhysics #PurpleCrush @BulldogLife_WHS https://t.co/QtWY7tEr3r","896768098446917632","896033721400406016","2017-08-13 16:19:10 +0000","https://twitter.com/Baldino_Science/status/896768098446917632/photo/1,https://twitter.com/Baldino_Science/status/896768098446917632/photo/1"
"896816914223308802","","","2017-08-13 19:33:09 +0000","<a href=""https://about.twitter.com/products/tweetdeck"" rel=""nofollow"">TweetDeck</a>","RT @loveteachblog: ""When you are accustomed to privilege, equality feels like oppression."" https://t.co/9BZsl7Yfkc","896776779888766976","1648147814","2017-08-13 16:53:40 +0000","https://twitter.com/loveteachblog/status/896776779888766976/photo/1,https://twitter.com/loveteachblog/status/896776779888766976/photo/1"
"896001280983703553","","","2017-08-11 13:32:06 +0000","<a href=""http://tapbots.com/tweetbot"" rel=""nofollow"">Tweetbot for iŒüS</a>","Freshmen orientation is in full swing! 
Sadly, this will be the first year since 2008 that I haven't had ANY freshies. üò≠ #d118life https://t.co/viqYd2BNcP","","","","https://twitter.com/MrWSci/status/896001280983703553/photo/1"
"895849276680613888","","","2017-08-11 03:28:06 +0000","<a href=""https://about.twitter.com/products/tweetdeck"" rel=""nofollow"">TweetDeck</a>","RT @RyTriGuy: This. Is. Amazing. ü§£ü§£ü§£ https://t.co/XsiW4tigU3","895847319697997824","27992689","2017-08-11 03:20:19 +0000","https://twitter.com/cenmag/status/895710125301919744,https://twitter.com/cenmag/status/895710125301919744"
"895837053103083523","","","2017-08-11 02:39:31 +0000","<a href=""https://about.twitter.com/products/tweetdeck"" rel=""nofollow"">TweetDeck</a>","Sneak peak: If you're taking Physics (11-12), then you miiiiight be doing something very similar very soon. https://t.co/n7Ll3RiByN","","","","https://twitter.com/SchoberScience/status/892725673118355457"
"895747683910119425","","","2017-08-10 20:44:24 +0000","<a href=""http://tapbots.com/tweetbot"" rel=""nofollow"">Tweetbot for iŒüS</a>","RT @valdonnan: Day 4 and the new staff is still going strong! Amazing new staff in CUSD118! #d118life https://t.co/cyTvrwESTP","895664213980532737","14332386","2017-08-10 15:12:43 +0000","https://twitter.com/valdonnan/status/895664213980532737/photo/1,https://twitter.com/valdonnan/status/895664213980532737/photo/1"
"895735221554950144","","","2017-08-10 19:54:53 +0000","<a href=""https://about.twitter.com/products/tweetdeck"" rel=""nofollow"">TweetDeck</a>","RT @UniverseAndMore: Cardboard + 2 binder clips = AMAZING circuit switches! Bonus: students can see how a switch actually works.‚ö°Ô∏èü§î #classr‚Ä¶","895677351064879104","801087787","2017-08-10 16:04:56 +0000","https://twitter.com/UniverseAndMore/status/895677351064879104/photo/1"
"895735127560658944","","","2017-08-10 19:54:31 +0000","<a href=""https://about.twitter.com/products/tweetdeck"" rel=""nofollow"">TweetDeck</a>","RT @Desmos: Check out this diverse collection of over 50 polygraphs. A great way to start classroom discussions from day one.
https://t.co/‚Ä¶","895362033624940545","267874610","2017-08-09 19:11:58 +0000","https://teacher.desmos.com/search?q=polygraph,https://twitter.com/Desmos/status/895362033624940545/photo/1"
"895733681813409793","","","2017-08-10 19:48:46 +0000","<a href=""https://about.twitter.com/products/tweetdeck"" rel=""nofollow"">TweetDeck</a>","Conceptual reasoning is super important. Understanding the underlying ""Why"" is more important that the specific ""what."" https://t.co/R4s1u6amPx","","","","https://twitter.com/Allthingsphysix/status/895654215288094722"
"895634317027799041","","","2017-08-10 13:13:55 +0000","<a href=""http://tapbots.com/tweetbot"" rel=""nofollow"">Tweetbot for iŒüS</a>","This is the 3rd goodie bag I've received in 4 days. ü§óü§óü§ó https://t.co/jeGlv2AstY","","","","https://twitter.com/MrWSci/status/895634317027799041/photo/1"
"895486086247567361","","","2017-08-10 03:24:54 +0000","<a href=""https://about.twitter.com/products/tweetdeck"" rel=""nofollow"">TweetDeck</a>","Bad news:
I seem to have lost all my posters in moving from CT to IL.
Good news:
New posters are on the way! https://t.co/7ZNr6QaIj8
ü§ì https://t.co/fTrLSvYAh1","","","","https://www.etsy.com/shop/Rachelignotofsky,https://twitter.com/MrWSci/status/895486086247567361/photo/1"
"895343344620097536","","","2017-08-09 17:57:42 +0000","<a href=""http://tapbots.com/tweetbot"" rel=""nofollow"">Tweetbot for iŒüS</a>","Room status: Still a hot mess. But it's a more organized hot mess. #BreakItDownToBuildItUp https://t.co/bNzhbhBvZw","","","","https://twitter.com/MrWSci/status/895343344620097536/photo/1,https://twitter.com/MrWSci/status/895343344620097536/photo/1"
"895342844604551169","","","2017-08-09 17:55:43 +0000","<a href=""http://tapbots.com/tweetbot"" rel=""nofollow"">Tweetbot for iŒüS</a>","üôåüôåüôå 
(via @maalmeida85) https://t.co/HlTBpFUx1K","","","","https://twitter.com/PhysicsUpdate/status/895269823084679168"
"895001182216876033","","","2017-08-08 19:18:04 +0000","<a href=""http://twitter.com"" rel=""nofollow"">Twitter Web Client</a>","Hey, I know those people! 
(PS - Thanks for the fancy room...üòÅ) https://t.co/WYGNRlCDQY","","","","https://twitter.com/gregory_bays/status/894607427231940610"
"894980543925948416","","","2017-08-08 17:56:04 +0000","<a href=""http://tapbots.com/tweetbot"" rel=""nofollow"">Tweetbot for iŒüS</a>","Setting up the classroom and getting organized. 
Current room status: Hot mess. https://t.co/k9WLMZEe5Z","","","","https://twitter.com/MrWSci/status/894980543925948416/photo/1,https://twitter.com/MrWSci/status/894980543925948416/photo/1,https://twitter.com/MrWSci/status/894980543925948416/photo/1,https://twitter.com/MrWSci/status/894980543925948416/photo/1"
"894970799559516160","","","2017-08-08 17:17:21 +0000","<a href=""http://tapbots.com/tweetbot"" rel=""nofollow"">Tweetbot for iŒüS</a>","Well, well, well. 
Look who just showed up on the tweeter. https://t.co/LF3C4sWtyc","","","","https://twitter.com/MrWSci/status/894970799559516160/photo/1"
